"00068db8bac710cb295e9e1b089a027525460aa64c2f837b4a2339c0ebedfa1e,0x527f17c6aa679e0919293d69717F432aF6c36347"
"00068db8bac710cb295e9e1b089a027525460aa64c2f837b4a2339c0ebedfa1f,0x71A066273e6EDAe09D5636C0c5bD6A8078DD9E79"
"00068db8bac710cb295e9e1b089a027525460aa64c2f837b4a2339c0ebedfa20,0xf7faBe7e30cAf6A348882F1fDd033910C46E588E"
"00068db8bac710cb295e9e1b089a027525460aa64c2f837b4a2339c0ebedfa21,0xB3685B0D93108612DF9BC54a33cC4e4dda03B1a1"
"00068db8bac710cb295e9e1b089a027525460aa64c2f837b4a2339c0ebedfa22,0xc8C2F6b681553060797fbEC357475A264E55c453"
"00068db8bac710cb295e9e1b089a027525460aa64c2f837b4a2339c0ebedfa23,0x6B829a86E0b4338626C0BB7e746DBd37C4504fB6"
"00068db8bac710cb295e9e1b089a027525460aa64c2f837b4a2339c0ebedfa24,0x5c5B139C25fD36c3DCad085C6776C35CD749cA6d"
"00068db8bac710cb295e9e1b089a027525460aa64c2f837b4a2339c0ebedfa25,0xa22b0688aD573fcE5201217Ea72F7ddbcf0bDC18"
"00068db8bac710cb295e9e1b089a027525460aa64c2f837b4a2339c0ebedfa26,0x4Bc8920C01B03a3839b089ff6f518452399ba701"
"00068db8bac710cb295e9e1b089a027525460aa64c2f837b4a2339c0ebedfa27,0xC4E19f52BD8D71930B2775Af1F5501ff80Fb1e10"
"00068db8bac710cb295e9e1b089a027525460aa64c2f837b4a2339c0ebedfa28,0x230326f05e77282431A31eEbFA1c0845C045E7E0"
"00068db8bac710cb295e9e1b089a027525460aa64c2f837b4a2339c0ebedfa29,0x9Fdccf2663a1d133125404e581f4F8ACf19DbeDc"
"00068db8bac710cb295e9e1b089a027525460aa64c2f837b4a2339c0ebedfa2a,0xDedc650229e84B27829CEdbf76fFF672bddfBb5c"
"00068db8bac710cb295e9e1b089a027525460aa64c2f837b4a2339c0ebedfa2b,0xf075D3B84e4886A464F101c011A5b48D28DaBA3b"
"00068db8bac710cb295e9e1b089a027525460aa64c2f837b4a2339c0ebedfa2c,0x3C04e8E67873E76e4541777558102912371E665E"
"00068db8bac710cb295e9e1b089a027525460aa64c2f837b4a2339c0ebedfa2d,0x0d1D4d4Ba3ee092371BB802521d6170524B5c0F2"
"00068db8bac710cb295e9e1b089a027525460aa64c2f837b4a2339c0ebedfa2e,0x327BA5761623C6BE82f384248722E5947E7A5FA1"
"00068db8bac710cb295e9e1b089a027525460aa64c2f837b4a2339c0ebedfa2f,0x7126da5e2FE677c879220Fe48d8DA29C9061dC3d"
"00068db8bac710cb295e9e1b089a027525460aa64c2f837b4a2339c0ebedfa30,0xC088BD46F6bB8ee5c37BbA5b3e87771687C01d4b"
"00068db8bac710cb295e9e1b089a027525460aa64c2f837b4a2339c0ebedfa31,0x5230bA31a64469A5A1DFD70DC81bd24f17DfA73E"
"00068db8bac710cb295e9e1b089a027525460aa64c2f837b4a2339c0ebedfa32,0x64Dda2624be6930Bb9f4AF2282A120032D5737fb"
"00068db8bac710cb295e9e1b089a027525460aa64c2f837b4a2339c0ebedfa33,0x333878d5D95D1A4eD97DC607655190d545EbbecF"
"00068db8bac710cb295e9e1b089a027525460aa64c2f837b4a2339c0ebedfa34,0xAaEB3805b3a326d75aE1776c2327ec206839a360"
"00068db8bac710cb295e9e1b089a027525460aa64c2f837b4a2339c0ebedfa35,0xDcAD622968E5AB3b802B3C5C3613Cb6FB15316e0"
"00068db8bac710cb295e9e1b089a027525460aa64c2f837b4a2339c0ebedfa36,0x0E3eCfc328E88609dDa3FB9A0e848AFB25d675Ad"
"ef61540fbc76b36b7a328a4952ea5e045bea22038eaa779595cd5e4ee6d1cdf0,0xDf5e629585A2451f0E49c497F4116C1Db80c4A37"
"ef61540fbc76b36b7a328a4952ea5e045bea22038eaa779595cd5e4ee6d1cdf1,0x5256990a5E4416B8BA8108301AcF7474c498589c"
"ef61540fbc76b36b7a328a4952ea5e045bea22038eaa779595cd5e4ee6d1cdf2,0x6C2dDf83dD277d2c9aafB3EBD98E23C4817DCa84"
"ef61540fbc76b36b7a328a4952ea5e045bea22038eaa779595cd5e4ee6d1cdf3,0xCf50D5f6619cF28C72C689B12a066005b8ED068C"
"ef61540fbc76b36b7a328a4952ea5e045bea22038eaa779595cd5e4ee6d1cdf4,0xb302c64f7bCd651F24059be5ecd79dca6E5C0a42"
"ef61540fbc76b36b7a328a4952ea5e045bea22038eaa779595cd5e4ee6d1cdf5,0xD88F9Ab1DB1EAeD1e51CA70d9D87Cab49cfBF964"
"ef61540fbc76b36b7a328a4952ea5e045bea22038eaa779595cd5e4ee6d1cdf6,0x88ee670960fAbC1792eAa55deb6d78C4b3B77B51"
"ef61540fbc76b36b7a328a4952ea5e045bea22038eaa779595cd5e4ee6d1cdf7,0x0abB942B431f555eBfCeD4EECA4F1D2b998b13Fd"
"ef61540fbc76b36b7a328a4952ea5e045bea22038eaa779595cd5e4ee6d1cdf8,0x88dB1083b7A823eD8FcA4fBBe1c02635E8635434"
"ef61540fbc76b36b7a328a4952ea5e045bea22038eaa779595cd5e4ee6d1cdf9,0xfD17bC6FA4f143c17b62041bc0b7Ffa856819407"
"ef61540fbc76b36b7a328a4952ea5e045bea22038eaa779595cd5e4ee6d1cdfa,0xe422641E4e229b0333D522D8100f9bAA223564e0"
"ef61540fbc76b36b7a328a4952ea5e045bea22038eaa779595cd5e4ee6d1cdfb,0xbC1564EE7B8bD080d8c4E1814C9a9Ada4B05f126"
"ef61540fbc76b36b7a328a4952ea5e045bea22038eaa779595cd5e4ee6d1cdfc,0x9C6D25a2356CC71B4C73Ce9096b6DC887Ae01763"
"ef61540fbc76b36b7a328a4952ea5e045bea22038eaa779595cd5e4ee6d1cdfd,0x0C1bdCd368D37B3943E5EEbdDE7F0f93f7d66E09"
"ef61540fbc76b36b7a328a4952ea5e045bea22038eaa779595cd5e4ee6d1cdfe,0xBDb1d0f08Ae94cf06F5F4e3Bb41FB6E7BA62e621"
"ef61540fbc76b36b7a328a4952ea5e045bea22038eaa779595cd5e4ee6d1cdff,0x41C93264C48B20Ec2B9f179eaB5A3c9aE50A343c"
"ef61540fbc76b36b7a328a4952ea5e045bea22038eaa779595cd5e4ee6d1ce00,0xE3E41ea6Aade8E0D6A0F0154d7750bcB483AD451"
"ef61540fbc76b36b7a328a4952ea5e045bea22038eaa779595cd5e4ee6d1ce01,0x991929402Dd9ad00B652F617e17B02D877a14908"
"ef61540fbc76b36b7a328a4952ea5e045bea22038eaa779595cd5e4ee6d1ce02,0xF5bcab99E0ee1AE9990E17F7B1fB8fe607c79d71"
"ef61540fbc76b36b7a328a4952ea5e045bea22038eaa779595cd5e4ee6d1ce03,0x424dAeeef731Dcc2084F2707350ED9642c572cC5"
"ef61540fbc76b36b7a328a4952ea5e045bea22038eaa779595cd5e4ee6d1ce04,0x95d8EFbD9d93c1A33038e57c9bc86C0c9dcB71F9"
"ef61540fbc76b36b7a328a4952ea5e045bea22038eaa779595cd5e4ee6d1ce05,0x94CC10BF5d1467F662942EC3e2DD8ba9fDA4568f"
"ef61540fbc76b36b7a328a4952ea5e045bea22038eaa779595cd5e4ee6d1ce06,0xBB95Fd41455C24E269139f20083525D45A0e3Df2"
"ef61540fbc76b36b7a328a4952ea5e045bea22038eaa779595cd5e4ee6d1ce07,0x9A05C1c796020467cf80255937Bf9A4D4b9B6186"
"ef61540fbc76b36b7a328a4952ea5e045bea22038eaa779595cd5e4ee6d1ce08,0x57eF78aBD6d5D15A17a8327833A96638219F1E9c"
"aba0397d53ee3236a242c03f0e59c89439fc5a3124f2c82d0ace99c103719dbc,0x44Bd5f7F0fd7c670b07Abfd3263145AF3071f556"
"aba0397d53ee3236a242c03f0e59c89439fc5a3124f2c82d0ace99c103719dbd,0xe4EE90B1FC90ED70de992f18903d9a9Ae467420f"
"aba0397d53ee3236a242c03f0e59c89439fc5a3124f2c82d0ace99c103719dbe,0xB6c8d2f6D277948Ed6ee5Afe9f466b19b8e64287"
"aba0397d53ee3236a242c03f0e59c89439fc5a3124f2c82d0ace99c103719dbf,0xF71C862c4AA49CACf9BEaF439C269C88Cb981424"
"aba0397d53ee3236a242c03f0e59c89439fc5a3124f2c82d0ace99c103719dc0,0x190E8b04a65d27c1E1642ad1555c373014409140"
"aba0397d53ee3236a242c03f0e59c89439fc5a3124f2c82d0ace99c103719dc1,0x49348f0503D5499137743ab0ec3121dd90cA3985"
"aba0397d53ee3236a242c03f0e59c89439fc5a3124f2c82d0ace99c103719dc2,0xD729a414D280D3f83a5788869C008E8f175f0fcb"
"aba0397d53ee3236a242c03f0e59c89439fc5a3124f2c82d0ace99c103719dc3,0x73B23Bb54fF04f677b6729cC1317eEDA519D349F"
"aba0397d53ee3236a242c03f0e59c89439fc5a3124f2c82d0ace99c103719dc4,0x602BC0c9A2380cee4fdCa318FFaB6a246896374e"
"aba0397d53ee3236a242c03f0e59c89439fc5a3124f2c82d0ace99c103719dc5,0xCa6356aA7b58937564578A7c96Ed2578155a4F0D"
"aba0397d53ee3236a242c03f0e59c89439fc5a3124f2c82d0ace99c103719dc6,0xfCd51eADa444A0fEbA11807824A9Ef3a25197F17"
"aba0397d53ee3236a242c03f0e59c89439fc5a3124f2c82d0ace99c103719dc7,0xa6f822e47337721aA16DD322555104A6FE924fB4"
"aba0397d53ee3236a242c03f0e59c89439fc5a3124f2c82d0ace99c103719dc8,0xe2A4fB93cb1F271A0C2EF8b6F62243987E50f7aF"
"aba0397d53ee3236a242c03f0e59c89439fc5a3124f2c82d0ace99c103719dc9,0x64E0F1602d983b61A3db271Ff5FF96ce6c87477B"
"aba0397d53ee3236a242c03f0e59c89439fc5a3124f2c82d0ace99c103719dca,0xdD836DF48213BA1481578b25cdc2DB3A6529F026"
"aba0397d53ee3236a242c03f0e59c89439fc5a3124f2c82d0ace99c103719dcb,0xFA67b6d70Dfe88dA79049071966bcf0B1761fc88"
"aba0397d53ee3236a242c03f0e59c89439fc5a3124f2c82d0ace99c103719dcc,0x2153E50646ff29f9478Db6cb46F31C9a7E443a27"
"aba0397d53ee3236a242c03f0e59c89439fc5a3124f2c82d0ace99c103719dcd,0x704a8e8C17fC7C94934ddFc6ce5bFF28fb4ffB4C"
"aba0397d53ee3236a242c03f0e59c89439fc5a3124f2c82d0ace99c103719dce,0xB4D79a76Fa72B01B1da33113f2667f28c93EA9d0"
"aba0397d53ee3236a242c03f0e59c89439fc5a3124f2c82d0ace99c103719dcf,0x815d57440282003F4896CF4f7bA02f83145BFB87"
"aba0397d53ee3236a242c03f0e59c89439fc5a3124f2c82d0ace99c103719dd0,0xBa509fD62166286ddE30Fe665A1CD348A3362A3D"
"aba0397d53ee3236a242c03f0e59c89439fc5a3124f2c82d0ace99c103719dd1,0x3A24A4643B0Bb14dB03864aaf2583352de8b7e3b"
"aba0397d53ee3236a242c03f0e59c89439fc5a3124f2c82d0ace99c103719dd2,0x338F3f0F1C6B30C8714495400b9553fe7272FF96"
"aba0397d53ee3236a242c03f0e59c89439fc5a3124f2c82d0ace99c103719dd3,0x3ADeaEAFf3AAe2Deb1C6e2F60bbFe2EfD7E278c4"
"aba0397d53ee3236a242c03f0e59c89439fc5a3124f2c82d0ace99c103719dd4,0x5A2131c8F8D58794f83a240e6c8208F5686D711d"
